,customer_id,age_range,marital_status,rented,family_size,no_of_children,income_bracket
0,1,70+,Married,0,2,0,4
1,6,46-55,Married,0,2,0,5
2,7,26-35,Married,0,3,1,3
3,8,26-35,Married,0,4,2,6
4,10,46-55,Single,0,1,0,5
5,11,70+,Single,0,2,0,1
6,12,46-55,Married,0,2,0,7
7,13,36-45,Single,0,1,0,2
8,14,26-35,Married,1,2,0,6
9,15,46-55,Married,0,2,0,6
10,17,36-45,Single,0,1,0,5
11,19,46-55,Single,0,1,0,3
12,22,36-45,Single,0,2,0,4
13,27,36-45,Married,0,2,0,8
14,28,46-55,Married,0,2,0,1
15,30,70+,Single,0,1,0,5
16,31,36-45,Single,0,5+,3+,2
17,33,46-55,Married,0,5+,3+,9
18,35,18-25,Married,0,2,0,4
19,36,36-45,Married,0,2,0,4
20,38,46-55,Single,0,2,0,5
21,39,70+,Married,0,2,0,4
22,40,56-70,Married,0,4,2,7
23,41,46-55,Single,0,2,0,4
24,42,26-35,Married,0,4,2,9
25,45,46-55,Married,0,5+,3+,1
26,48,36-45,Married,0,2,0,3
27,51,70+,Married,0,2,0,2
28,52,36-45,Married,0,5+,3+,7
29,53,56-70,Single,0,1,0,3
30,55,46-55,Married,0,2,0,5
31,58,26-35,Single,0,1,0,4
32,59,70+,Single,0,1,0,4
33,66,46-55,Single,0,1,0,6
34,67,36-45,Married,0,2,1,4
35,69,46-55,Married,0,4,2,1
36,71,36-45,Married,0,5+,3+,4
37,72,26-35,Single,0,3,2,1
38,74,26-35,Married,0,2,0,2
39,75,26-35,Single,0,1,0,4
40,78,36-45,Married,0,4,2,8
41,79,26-35,Married,0,2,0,4
42,82,70+,Single,0,2,0,4
43,83,46-55,Single,0,1,0,4
44,84,46-55,Single,0,1,0,8
45,85,46-55,Married,0,3,1,3
46,87,46-55,Single,0,2,0,4
47,89,46-55,Single,0,1,0,3
48,90,46-55,Married,0,2,0,5
49,92,46-55,Married,0,2,0,1
50,93,56-70,Married,0,2,0,3
51,94,46-55,Single,0,1,0,5
52,97,36-45,Single,0,1,0,6
53,103,46-55,Married,0,2,0,4
54,105,36-45,Single,0,3,1,5
55,107,18-25,Married,0,2,0,2
56,108,46-55,Single,0,1,0,5
57,110,18-25,Married,0,3,1,6
58,112,46-55,Married,0,2,0,4
59,113,56-70,Married,0,2,0,4
60,114,26-35,Married,0,3,1,5
61,119,46-55,Single,0,1,0,3
62,123,46-55,Married,0,2,0,4
63,124,46-55,Married,0,2,0,6
64,128,36-45,Married,0,3,1,1
65,131,46-55,Married,0,2,0,5
66,132,46-55,Married,0,3,1,3
67,134,70+,Married,0,2,0,4
68,135,36-45,Single,0,1,0,1
69,136,56-70,Single,0,2,0,1
70,138,36-45,Single,0,1,0,5
71,140,46-55,Married,0,2,0,2
72,141,56-70,Married,0,2,0,9
73,142,46-55,Married,0,2,0,4
74,143,70+,Single,0,1,0,2
75,144,36-45,Married,0,2,0,4
76,149,26-35,Single,0,1,0,3
77,150,36-45,Married,0,2,0,4
78,151,36-45,Married,0,5+,3+,12
79,153,46-55,Single,1,1,0,5
80,154,46-55,Married,0,5+,3+,6
81,155,70+,Married,0,2,0,5
82,158,36-45,Married,0,4,2,8
83,159,36-45,Married,1,3,1,1
84,161,46-55,Single,0,1,0,1
85,162,26-35,Married,0,2,0,5
86,163,26-35,Married,0,3,2,3
87,167,46-55,Married,0,2,0,4
88,168,46-55,Married,0,2,0,6
89,174,36-45,Single,0,1,0,4
90,178,36-45,Single,0,1,0,5
91,179,46-55,Single,0,1,0,4
92,180,26-35,Married,0,2,0,5
93,185,46-55,Single,0,1,0,7
94,186,26-35,Married,0,2,0,4
95,189,26-35,Married,0,4,2,5
96,191,56-70,Married,0,2,0,1
97,192,36-45,Married,0,4,2,4
98,193,46-55,Married,0,3,1,4
99,195,26-35,Married,0,2,0,5
100,197,18-25,Married,0,4,2,4
101,201,46-55,Married,0,3,1,6
102,202,46-55,Married,0,2,0,6
103,204,46-55,Married,0,4,3+,4
104,205,46-55,Married,0,2,0,7
105,207,46-55,Single,0,1,0,5
106,209,26-35,Single,0,1,0,6
107,212,36-45,Married,0,5+,3+,8
108,214,46-55,Married,0,2,0,1
109,223,70+,Married,0,2,0,5
110,225,46-55,Married,0,4,2,5
111,226,46-55,Single,0,1,0,5
112,227,46-55,Married,0,2,0,9
113,228,26-35,Married,0,5+,3+,4
114,230,36-45,Married,0,2,0,5
115,231,46-55,Single,0,1,0,5
116,232,70+,Single,0,1,0,5
117,235,56-70,Married,0,2,0,5
118,238,70+,Married,0,2,0,5
119,239,36-45,Married,0,3,1,6
120,242,46-55,Married,0,2,0,5
121,243,56-70,Married,0,2,0,5
122,245,26-35,Single,0,2,1,4
123,246,46-55,Single,0,1,0,5
124,248,36-45,Single,0,1,0,3
125,249,26-35,Single,0,1,0,5
126,250,36-45,Single,0,1,0,9
127,251,46-55,Single,1,1,0,3
128,252,70+,Single,0,1,0,3
129,253,36-45,Married,0,3,1,12
130,259,36-45,Married,0,3,1,9
131,262,26-35,Married,0,2,0,3
132,265,18-25,Single,0,2,0,3
133,266,56-70,Married,0,5+,3+,4
134,267,36-45,Married,0,2,0,1
135,268,70+,Married,0,2,0,2
136,269,46-55,Single,0,1,0,7
137,271,36-45,Married,0,3,1,4
138,276,46-55,Married,0,2,0,5
139,277,18-25,Married,0,2,0,5
140,279,18-25,Single,0,1,0,3
141,281,36-45,Married,0,3,1,2
142,283,26-35,Married,0,5+,3+,5
143,284,36-45,Married,0,2,0,5
144,286,46-55,Single,0,1,0,5
145,287,26-35,Married,0,2,1,2
146,288,46-55,Married,0,2,0,3
147,292,26-35,Single,1,2,0,1
148,293,56-70,Single,0,1,0,4
149,294,18-25,Single,0,2,0,5
150,295,56-70,Married,0,2,0,4
151,297,70+,Single,0,1,0,3
152,298,70+,Single,0,1,0,7
153,300,70+,Married,0,2,0,5
154,303,46-55,Single,0,1,0,6
155,306,46-55,Single,0,1,0,5
156,313,46-55,Single,0,1,0,4
157,314,26-35,Married,0,2,0,2
158,315,36-45,Single,0,1,0,3
159,316,56-70,Single,0,1,0,9
160,317,36-45,Married,0,5+,3+,6
161,318,46-55,Married,0,2,0,6
162,319,46-55,Married,0,2,0,5
163,320,56-70,Single,0,1,0,5
164,327,36-45,Married,0,3,1,12
165,329,46-55,Married,0,2,0,6
166,333,46-55,Married,0,2,0,6
167,336,70+,Single,0,1,0,4
168,338,46-55,Single,0,1,0,5
169,339,46-55,Single,0,1,0,5
170,343,46-55,Single,0,1,0,4
171,347,26-35,Single,0,1,0,5
172,348,26-35,Single,0,1,0,4
173,349,36-45,Married,0,3,1,4
174,352,46-55,Married,0,2,0,5
175,353,36-45,Single,0,2,0,6
176,355,46-55,Married,0,2,0,6
177,357,18-25,Married,0,2,0,4
178,361,18-25,Single,0,1,0,3
179,363,36-45,Married,0,3,1,12
180,367,36-45,Married,0,3,1,6
181,368,36-45,Single,0,1,0,5
182,369,56-70,Married,0,2,0,4
183,371,26-35,Single,0,1,0,5
184,374,46-55,Married,0,3,1,8
185,375,36-45,Single,0,1,0,2
186,377,18-25,Married,1,3,1,4
187,378,36-45,Married,0,5+,3+,5
188,381,26-35,Married,0,3,1,4
189,382,46-55,Married,0,3,1,2
190,383,18-25,Married,0,2,1,1
191,384,36-45,Single,0,1,0,3
192,386,36-45,Married,0,4,2,7
193,389,26-35,Married,0,4,2,6
194,390,46-55,Single,0,1,0,4
195,391,46-55,Single,0,1,0,8
196,392,26-35,Single,1,5+,3+,3
197,393,46-55,Single,0,1,0,5
198,395,36-45,Married,0,4,2,2
199,397,46-55,Single,0,1,0,4
200,398,36-45,Single,0,1,0,2
201,399,46-55,Married,0,3,1,4
202,400,46-55,Single,0,1,0,5
203,401,36-45,Married,0,3,1,4
204,402,70+,Married,0,3,1,7
205,414,70+,Married,0,2,0,6
206,416,36-45,Married,1,4,2,5
207,421,56-70,Married,0,2,0,5
208,422,46-55,Single,0,1,0,5
209,427,56-70,Married,0,3,1,4
210,428,36-45,Single,0,1,0,4
211,429,36-45,Married,0,2,0,3
212,431,36-45,Married,0,2,0,5
213,434,46-55,Single,0,1,0,5
214,436,70+,Married,0,2,0,8
215,438,36-45,Married,0,2,0,1
216,440,36-45,Married,0,3,1,8
217,441,70+,Single,0,1,0,2
218,443,70+,Single,0,1,0,4
219,444,46-55,Married,0,2,0,2
220,446,36-45,Single,0,3,2,4
221,447,36-45,Married,0,2,0,5
222,450,46-55,Married,0,2,0,5
223,455,46-55,Single,0,2,0,5
224,456,26-35,Married,0,5+,3+,7
225,457,36-45,Married,0,4,2,7
226,460,70+,Married,0,2,0,5
227,461,56-70,Married,0,3,1,2
228,462,56-70,Married,0,2,0,2
229,463,46-55,Married,0,5+,3+,6
230,464,46-55,Married,0,5+,3+,3
231,466,36-45,Married,0,2,0,5
232,467,46-55,Single,0,1,0,3
233,473,46-55,Married,0,2,0,4
234,474,56-70,Married,0,4,2,6
235,475,46-55,Married,0,2,0,6
236,479,46-55,Married,0,2,0,10
237,480,70+,Married,0,3,1,5
238,481,36-45,Married,1,4,2,2
239,486,46-55,Single,0,3,1,1
240,488,36-45,Married,1,2,0,6
241,490,36-45,Single,0,1,0,5
242,494,26-35,Married,0,5+,3+,8
243,495,36-45,Married,1,2,0,8
244,497,36-45,Married,0,5+,3+,5
245,498,46-55,Married,0,2,0,9
246,499,36-45,Married,1,2,0,5
247,501,46-55,Single,0,1,0,5
248,504,70+,Married,0,3,1,8
249,506,46-55,Married,0,2,0,7
250,507,70+,Married,0,2,0,6
251,508,18-25,Married,0,2,0,6
252,509,26-35,Single,0,1,0,3
253,510,26-35,Married,0,2,1,1
254,511,46-55,Single,0,1,0,5
255,514,26-35,Married,0,2,0,6
256,515,26-35,Married,0,2,0,4
257,516,70+,Married,0,2,0,4
258,517,26-35,Married,0,2,0,6
259,520,36-45,Married,0,2,0,6
260,522,46-55,Married,0,3,1,6
261,524,26-35,Single,0,1,0,5
262,525,36-45,Married,0,3,1,9
263,527,36-45,Married,0,3,1,5
264,528,46-55,Married,0,2,0,10
265,530,46-55,Single,0,3,2,5
266,533,36-45,Married,0,5+,3+,6
267,536,46-55,Married,0,2,0,11
268,537,18-25,Single,0,1,0,5
269,540,26-35,Married,0,4,2,4
270,541,26-35,Single,0,1,0,10
271,544,56-70,Single,0,1,0,4
272,545,70+,Married,0,3,1,4
273,546,26-35,Single,0,1,0,5
274,549,46-55,Single,0,1,0,2
275,550,36-45,Single,0,1,0,2
276,551,46-55,Single,0,1,0,6
277,552,70+,Married,0,2,0,4
278,553,36-45,Married,0,3,1,11
279,557,26-35,Married,0,3,2,4
280,558,36-45,Single,0,2,0,5
281,560,46-55,Married,0,2,0,5
282,561,36-45,Married,0,2,0,4
283,564,36-45,Married,0,2,0,7
284,565,26-35,Married,0,3,1,9
285,566,26-35,Married,0,4,2,5
286,569,46-55,Single,0,1,0,9
287,571,56-70,Married,0,2,0,8
288,572,36-45,Married,0,2,0,4
289,574,36-45,Single,0,1,0,4
290,575,56-70,Married,0,2,0,1
291,577,46-55,Married,0,3,1,7
292,579,26-35,Married,0,2,0,8
293,581,46-55,Single,0,1,0,2
294,585,46-55,Married,0,5+,3+,4
295,586,46-55,Single,0,1,0,4
296,590,36-45,Married,0,2,0,1
297,593,46-55,Single,1,2,1,3
298,595,18-25,Married,0,2,0,2
299,596,46-55,Single,0,1,0,1
300,600,46-55,Married,0,2,0,6
301,602,18-25,Married,0,2,0,11
302,606,18-25,Single,0,1,0,1
303,607,70+,Single,0,1,0,4
304,608,26-35,Married,0,2,0,5
305,612,18-25,Single,0,1,0,1
306,613,46-55,Married,0,2,0,5
307,615,36-45,Married,0,5+,3+,8
308,619,36-45,Single,1,2,1,4
309,620,26-35,Married,0,3,1,4
310,622,36-45,Married,0,4,2,5
311,624,26-35,Married,0,5+,3+,11
312,626,36-45,Single,0,2,1,4
313,627,46-55,Married,0,4,2,4
314,628,46-55,Married,0,3,1,4
315,630,26-35,Single,0,1,0,4
316,634,56-70,Married,0,5+,3+,5
317,636,56-70,Married,0,2,0,3
318,637,46-55,Single,0,1,0,6
319,641,46-55,Single,0,1,0,5
320,642,36-45,Single,0,1,0,3
321,643,26-35,Single,0,1,0,2
322,648,36-45,Married,0,5+,3+,4
323,649,46-55,Married,0,4,2,2
324,650,46-55,Single,0,1,0,5
325,653,46-55,Married,0,5+,3+,4
326,655,46-55,Married,0,2,0,3
327,656,36-45,Married,0,5+,3+,5
328,657,26-35,Married,0,4,2,1
329,660,36-45,Married,0,2,0,6
330,663,56-70,Single,0,1,0,1
331,665,26-35,Single,0,1,0,7
332,666,26-35,Single,0,1,0,4
333,667,26-35,Married,0,2,0,6
334,668,26-35,Married,0,2,0,1
335,674,56-70,Married,0,2,0,7
336,677,36-45,Single,0,1,0,5
337,679,36-45,Single,1,2,0,4
338,681,70+,Married,0,2,0,2
339,684,36-45,Married,0,2,0,3
340,686,26-35,Married,0,2,0,4
341,687,36-45,Married,0,2,0,5
342,691,46-55,Married,0,4,2,4
343,693,26-35,Single,0,2,0,4
344,695,56-70,Married,0,2,0,6
345,696,46-55,Single,0,1,0,4
346,698,26-35,Married,0,3,1,4
347,703,46-55,Married,0,2,0,6
348,704,46-55,Married,0,5+,3+,6
349,708,36-45,Married,0,3,1,5
350,712,46-55,Married,0,3,1,5
351,716,36-45,Single,1,4,2,1
352,719,56-70,Married,0,2,0,2
353,724,26-35,Married,0,3,1,6
354,725,56-70,Married,1,3,1,3
355,726,46-55,Single,0,3,1,5
356,731,70+,Single,0,1,0,4
357,732,36-45,Married,0,2,0,2
358,735,46-55,Married,0,2,0,5
359,737,36-45,Single,0,4,3+,4
360,738,46-55,Single,0,1,0,1
361,740,46-55,Married,0,2,0,4
362,742,46-55,Married,0,2,0,2
363,743,46-55,Married,0,2,0,2
364,744,70+,Single,0,1,0,4
365,745,36-45,Single,0,1,0,1
366,746,26-35,Single,0,1,0,2
367,748,46-55,Married,0,3,1,8
368,749,36-45,Married,0,4,2,5
369,750,18-25,Married,0,2,0,2
370,751,26-35,Single,0,1,0,5
371,752,26-35,Married,0,5+,3+,1
372,753,26-35,Married,0,2,0,5
373,754,46-55,Single,0,1,0,2
374,755,36-45,Married,0,2,0,5
375,760,46-55,Married,0,5+,3+,5
376,762,46-55,Single,1,1,0,4
377,763,26-35,Married,0,2,0,4
378,766,36-45,Married,0,2,0,9
379,774,46-55,Married,0,4,2,4
380,775,18-25,Married,0,3,1,2
381,776,46-55,Single,0,1,0,2
382,779,26-35,Single,0,3,2,4
383,781,46-55,Single,0,1,0,7
384,782,56-70,Married,0,2,0,9
385,784,46-55,Single,0,2,0,4
386,785,36-45,Married,0,3,1,5
387,789,46-55,Married,0,2,0,1
388,792,36-45,Married,0,2,0,4
389,793,46-55,Married,0,2,1,5
390,795,46-55,Married,0,2,1,5
391,796,46-55,Married,0,3,1,5
392,797,46-55,Single,0,1,0,6
393,799,70+,Single,0,1,0,5
394,800,46-55,Married,0,2,0,3
395,801,26-35,Single,0,1,0,2
396,802,46-55,Single,0,1,0,2
397,806,46-55,Single,0,1,0,2
398,808,70+,Married,0,2,0,4
399,813,26-35,Single,1,3,2,3
400,817,56-70,Married,0,2,0,4
401,821,70+,Married,0,2,0,3
402,822,36-45,Single,0,1,0,6
403,823,36-45,Married,1,4,2,2
404,824,46-55,Married,0,4,2,5
405,828,18-25,Single,1,2,1,1
406,829,46-55,Single,0,1,0,1
407,833,56-70,Married,0,2,0,4
408,835,70+,Married,0,2,0,5
409,837,18-25,Married,0,2,0,4
410,839,46-55,Single,0,1,0,1
411,842,46-55,Married,0,4,2,8
412,844,46-55,Married,0,4,2,5
413,851,36-45,Married,0,2,0,6
414,853,70+,Single,0,2,0,2
415,855,56-70,Married,0,2,0,3
416,856,26-35,Married,0,2,1,2
417,857,70+,Single,0,1,0,7
418,859,36-45,Married,0,3,1,6
419,860,26-35,Single,0,1,0,1
420,861,70+,Married,0,2,0,3
421,864,56-70,Single,0,1,0,5
422,865,26-35,Single,0,1,0,7
423,867,46-55,Married,0,2,0,5
424,871,36-45,Married,0,3,1,7
425,872,70+,Married,0,2,0,7
426,874,46-55,Married,0,2,0,5
427,876,36-45,Single,0,1,0,9
428,877,46-55,Married,0,2,0,5
429,878,70+,Married,0,2,0,8
430,879,46-55,Single,1,1,0,4
431,880,56-70,Single,0,1,0,2
432,886,46-55,Married,0,3,1,5
433,888,26-35,Married,0,3,1,4
434,889,36-45,Single,0,1,0,4
435,891,36-45,Married,0,2,0,5
436,892,46-55,Single,0,1,0,2
437,894,18-25,Single,0,3,1,5
438,896,56-70,Married,0,2,0,4
439,897,46-55,Single,1,1,0,4
440,898,36-45,Married,0,3,1,4
441,901,26-35,Married,0,3,1,2
442,902,46-55,Single,0,1,0,1
443,904,36-45,Married,0,2,0,9
444,905,36-45,Married,0,2,0,1
445,909,46-55,Married,0,5+,3+,8
446,910,46-55,Married,0,3,1,3
447,911,46-55,Married,0,3,1,8
448,912,70+,Married,0,2,0,6
449,917,36-45,Married,0,2,0,3
450,918,26-35,Married,1,2,0,5
451,921,36-45,Married,0,4,2,5
452,922,70+,Married,0,2,0,6
453,923,46-55,Single,0,1,0,4
454,925,36-45,Single,0,1,0,5
455,926,26-35,Single,0,1,0,5
456,928,46-55,Single,0,1,0,2
457,929,18-25,Single,0,1,0,4
458,930,18-25,Single,0,1,0,1
459,931,18-25,Married,0,2,0,4
460,932,36-45,Single,0,1,0,5
461,933,26-35,Married,0,2,0,5
462,936,70+,Married,0,2,0,4
463,937,70+,Married,0,2,0,2
464,939,70+,Single,0,1,0,3
465,941,56-70,Married,0,2,0,2
466,944,46-55,Single,0,1,0,3
467,947,46-55,Married,0,2,0,5
468,952,46-55,Married,0,4,2,5
469,955,46-55,Married,0,2,0,4
470,957,26-35,Married,0,2,0,5
471,958,36-45,Single,0,1,0,8
472,959,46-55,Single,0,1,0,5
473,962,26-35,Married,1,3,1,6
474,964,46-55,Single,0,1,0,5
475,965,18-25,Married,1,3,1,4
476,966,46-55,Married,0,4,2,2
477,967,36-45,Single,0,1,0,5
478,970,46-55,Married,0,2,0,4
479,974,46-55,Single,0,1,0,2
480,977,46-55,Married,0,2,0,4
481,978,26-35,Married,1,4,2,7
482,980,46-55,Married,0,3,1,6
483,981,36-45,Married,0,2,0,6
484,982,46-55,Single,1,1,0,2
485,983,56-70,Single,0,1,0,4
486,985,36-45,Married,0,2,0,6
487,988,46-55,Married,0,2,0,2
488,990,18-25,Single,0,2,0,5
489,994,46-55,Single,0,1,0,9
490,997,36-45,Single,0,1,0,5
491,999,26-35,Single,0,1,0,3
492,1003,46-55,Single,0,1,0,5
493,1008,36-45,Married,0,2,0,4
494,1011,46-55,Married,0,5+,3+,8
495,1015,36-45,Married,0,2,0,6
496,1021,26-35,Single,0,1,0,4
497,1023,18-25,Single,1,4,3+,1
498,1025,46-55,Married,0,2,0,5
499,1026,26-35,Married,0,5+,3+,4
500,1031,36-45,Single,0,1,0,2
501,1033,36-45,Single,0,1,0,1
502,1036,36-45,Married,0,2,0,9
503,1045,36-45,Married,0,2,0,6
504,1046,46-55,Married,0,2,0,6
505,1047,46-55,Single,0,1,0,6
506,1051,46-55,Married,0,2,0,2
507,1053,46-55,Single,0,1,0,5
508,1054,36-45,Single,0,1,0,5
509,1055,26-35,Married,0,3,1,4
510,1056,36-45,Single,0,1,0,2
511,1057,36-45,Single,0,1,0,3
512,1058,46-55,Married,0,3,1,5
513,1061,36-45,Single,0,1,0,3
514,1062,46-55,Single,0,1,0,3
515,1063,26-35,Married,0,3,1,4
516,1064,36-45,Married,0,2,0,9
517,1067,46-55,Single,0,1,0,5
518,1068,46-55,Married,0,2,0,2
519,1070,56-70,Single,0,1,0,6
520,1076,18-25,Single,0,1,0,12
521,1079,46-55,Married,0,2,0,1
522,1082,56-70,Single,0,1,0,4
523,1083,26-35,Married,1,4,2,2
524,1085,46-55,Single,0,1,0,4
525,1089,36-45,Married,0,5+,3+,4
526,1091,46-55,Married,0,5+,3+,8
527,1093,46-55,Married,0,4,2,6
528,1094,46-55,Single,0,1,0,4
529,1103,26-35,Married,0,2,0,4
530,1104,70+,Married,0,2,0,6
531,1108,26-35,Married,0,5+,3+,4
532,1109,36-45,Married,0,2,0,6
533,1111,46-55,Single,0,2,0,7
534,1115,46-55,Married,0,2,0,3
535,1116,18-25,Single,0,1,0,4
536,1117,70+,Single,0,1,0,1
537,1119,36-45,Married,0,2,0,10
538,1120,46-55,Married,0,2,0,9
539,1121,18-25,Married,0,3,1,5
540,1122,70+,Married,0,2,0,4
541,1128,46-55,Single,0,1,0,5
542,1129,70+,Married,0,2,0,9
543,1130,46-55,Married,0,2,0,3
544,1131,18-25,Single,1,5+,3+,1
545,1133,46-55,Married,0,2,0,9
546,1135,56-70,Married,0,2,0,4
547,1136,46-55,Married,0,2,0,6
548,1141,70+,Married,0,2,0,6
549,1142,56-70,Single,0,1,0,6
550,1144,26-35,Married,0,5+,3+,3
551,1145,46-55,Married,0,5+,3+,8
552,1151,46-55,Single,0,2,0,4
553,1152,46-55,Married,0,3,1,10
554,1153,46-55,Single,0,1,0,10
555,1154,46-55,Married,0,3,1,6
556,1156,70+,Married,0,2,0,6
557,1161,26-35,Single,0,1,0,9
558,1164,26-35,Married,0,4,2,2
559,1166,46-55,Married,0,5+,3+,8
560,1167,46-55,Single,0,1,0,5
561,1168,18-25,Married,1,2,0,4
562,1170,36-45,Single,0,1,0,2
563,1172,70+,Married,0,2,0,4
564,1178,36-45,Married,0,3,1,4
565,1179,36-45,Married,0,2,0,7
566,1181,46-55,Married,0,2,0,5
567,1182,26-35,Married,0,3,1,3
568,1184,46-55,Married,0,3,1,4
569,1187,26-35,Single,0,1,0,5
570,1188,36-45,Married,0,2,0,5
571,1190,56-70,Single,0,1,0,6
572,1192,70+,Single,0,1,0,2
573,1194,36-45,Married,0,5+,3+,4
574,1195,56-70,Married,0,2,0,5
575,1196,36-45,Married,0,2,0,4
576,1198,18-25,Single,1,1,0,4
577,1201,18-25,Single,0,1,0,1
578,1202,36-45,Single,0,3,1,6
579,1203,36-45,Single,0,1,0,3
580,1205,46-55,Single,0,1,0,5
581,1208,56-70,Married,0,2,0,9
582,1210,46-55,Married,0,2,0,5
583,1211,36-45,Married,0,2,0,5
584,1216,26-35,Married,0,4,2,8
585,1217,26-35,Single,0,1,0,6
586,1219,36-45,Single,0,1,0,5
587,1220,46-55,Single,0,1,0,1
588,1222,46-55,Single,0,1,0,5
589,1224,26-35,Single,0,1,0,4
590,1228,70+,Married,0,2,0,3
591,1230,70+,Single,1,1,0,1
592,1231,26-35,Married,0,3,1,5
593,1239,36-45,Single,1,1,0,6
594,1240,26-35,Married,0,5+,3+,5
595,1242,46-55,Married,0,3,1,9
596,1243,56-70,Married,0,2,0,5
597,1245,26-35,Single,0,1,0,7
598,1246,26-35,Married,0,5+,3+,5
599,1249,70+,Single,0,1,0,2
600,1250,36-45,Married,0,5+,3+,8
601,1252,26-35,Single,0,3,2,3
602,1254,26-35,Single,0,1,0,5
603,1256,36-45,Single,0,1,0,4
604,1257,46-55,Single,0,1,0,5
605,1258,46-55,Single,0,1,0,1
606,1259,46-55,Married,0,3,1,5
607,1262,46-55,Single,0,1,0,6
608,1263,46-55,Married,1,2,0,3
609,1264,18-25,Single,0,1,0,3
610,1268,46-55,Married,0,2,0,6
611,1269,46-55,Single,0,1,0,5
612,1271,36-45,Married,0,5+,3+,7
613,1273,26-35,Single,0,2,0,8
614,1276,36-45,Single,0,1,0,6
615,1284,36-45,Single,1,2,0,4
616,1290,36-45,Married,0,5+,3+,3
617,1292,46-55,Married,0,2,0,2
618,1295,36-45,Married,0,2,0,4
619,1296,26-35,Single,0,2,0,8
620,1298,26-35,Married,0,2,0,3
621,1299,56-70,Married,0,2,0,6
622,1300,18-25,Single,0,1,0,5
623,1303,56-70,Married,0,2,0,5
624,1304,36-45,Single,0,1,0,2
625,1305,46-55,Single,0,1,0,5
626,1309,26-35,Married,0,3,1,7
627,1314,46-55,Married,0,3,1,1
628,1316,56-70,Married,0,2,0,8
629,1317,36-45,Married,0,2,0,4
630,1318,46-55,Married,0,2,0,3
631,1319,46-55,Single,0,1,0,7
632,1320,26-35,Single,0,1,0,4
633,1321,36-45,Married,0,3,1,1
634,1322,46-55,Married,0,2,0,5
635,1324,36-45,Married,0,5+,3+,2
636,1327,70+,Married,0,2,0,4
637,1328,56-70,Married,0,2,0,10
638,1329,36-45,Married,0,5+,3+,6
639,1332,36-45,Married,0,2,0,8
640,1333,46-55,Married,0,2,0,6
641,1334,46-55,Married,0,5+,3+,4
642,1336,36-45,Married,0,5+,3+,9
643,1337,36-45,Married,0,5+,3+,6
644,1339,56-70,Single,0,2,0,4
645,1340,46-55,Married,0,2,0,6
646,1341,26-35,Married,0,4,2,5
647,1343,26-35,Married,0,2,1,4
648,1344,26-35,Single,0,1,0,5
649,1346,56-70,Married,0,2,0,7
650,1347,36-45,Single,0,1,0,4
651,1356,26-35,Married,0,3,1,6
652,1357,56-70,Married,0,4,2,4
653,1359,46-55,Married,0,2,0,4
654,1360,46-55,Married,0,2,0,5
655,1361,26-35,Single,0,1,0,5
656,1364,46-55,Single,0,1,0,6
657,1367,36-45,Single,0,1,0,5
658,1370,26-35,Married,0,2,0,4
659,1373,46-55,Married,0,3,1,4
660,1374,56-70,Married,0,3,1,7
661,1375,46-55,Married,0,2,0,6
662,1376,70+,Married,0,2,0,3
663,1377,26-35,Single,0,1,0,5
664,1378,26-35,Married,0,4,2,8
665,1379,36-45,Single,0,1,0,3
666,1381,70+,Single,0,2,0,4
667,1382,36-45,Married,0,4,2,5
668,1383,26-35,Married,0,2,0,5
669,1384,56-70,Single,0,1,0,3
670,1385,36-45,Single,0,1,0,3
671,1386,18-25,Married,0,3,1,5
672,1387,46-55,Single,0,1,0,1
673,1388,46-55,Married,0,2,0,5
674,1392,36-45,Married,0,3,2,5
675,1393,26-35,Married,1,5+,3+,4
676,1398,36-45,Single,0,1,0,2
677,1399,70+,Single,0,1,0,4
678,1402,18-25,Single,0,1,0,12
679,1407,36-45,Married,0,2,0,11
680,1408,26-35,Single,0,1,0,9
681,1409,70+,Married,0,2,0,1
682,1410,46-55,Married,0,3,1,10
683,1412,46-55,Single,0,1,0,5
684,1417,46-55,Married,0,2,0,5
685,1422,36-45,Single,0,1,0,6
686,1424,46-55,Married,0,4,2,5
687,1425,18-25,Single,0,1,0,4
688,1427,46-55,Single,0,1,0,3
689,1431,46-55,Married,0,2,0,12
690,1432,26-35,Single,0,1,0,4
691,1433,56-70,Married,0,2,0,4
692,1440,26-35,Married,0,2,0,5
693,1441,36-45,Married,0,3,1,2
694,1443,56-70,Single,0,1,0,10
695,1444,46-55,Married,0,2,0,12
696,1449,46-55,Single,1,4,2,3
697,1450,36-45,Single,1,1,0,4
698,1451,36-45,Married,0,2,0,8
699,1452,70+,Married,0,2,0,5
700,1453,46-55,Married,0,2,0,5
701,1455,36-45,Married,0,3,1,4
702,1457,46-55,Single,0,1,0,5
703,1458,46-55,Married,0,3,1,6
704,1460,46-55,Married,0,2,0,12
705,1461,46-55,Married,0,2,0,8
706,1463,36-45,Married,0,5+,3+,5
707,1464,18-25,Single,0,1,0,1
708,1466,46-55,Single,0,1,0,10
709,1467,36-45,Married,0,2,0,5
710,1469,46-55,Married,0,2,0,12
711,1471,46-55,Single,0,1,0,5
712,1472,36-45,Married,0,5+,3+,4
713,1473,36-45,Single,0,1,0,5
714,1475,70+,Married,0,3,2,1
715,1477,46-55,Single,0,1,0,5
716,1478,56-70,Single,0,1,0,7
717,1479,18-25,Single,0,1,0,5
718,1483,46-55,Married,0,2,0,4
719,1485,46-55,Married,0,2,0,6
720,1489,46-55,Married,0,2,0,3
721,1490,26-35,Single,0,1,0,5
722,1491,26-35,Married,0,2,0,4
723,1492,46-55,Married,1,2,0,3
724,1494,46-55,Married,0,2,0,1
725,1496,26-35,Married,0,2,0,1
726,1500,46-55,Married,0,2,0,9
727,1502,46-55,Single,0,1,0,4
728,1504,26-35,Married,0,5+,3+,5
729,1506,46-55,Single,0,1,0,5
730,1512,26-35,Married,0,2,0,5
731,1514,36-45,Single,0,1,0,6
732,1518,36-45,Married,0,3,1,3
733,1519,26-35,Single,0,1,0,2
734,1520,26-35,Married,0,3,1,8
735,1521,46-55,Married,0,2,0,7
736,1523,70+,Married,0,2,0,1
737,1528,46-55,Married,0,3,1,2
738,1529,46-55,Married,0,5+,3+,9
739,1533,18-25,Single,0,1,0,1
740,1534,36-45,Married,0,3,1,5
741,1537,18-25,Single,0,1,0,4
742,1538,36-45,Married,0,5+,3+,8
743,1544,46-55,Single,0,1,0,4
744,1545,36-45,Married,0,2,0,8
745,1546,36-45,Married,0,2,0,3
746,1547,46-55,Married,0,2,0,5
747,1551,46-55,Single,0,1,0,5
748,1552,46-55,Single,0,2,0,3
749,1558,36-45,Married,0,3,1,6
750,1566,26-35,Married,0,2,0,9
751,1569,46-55,Single,0,1,0,6
752,1572,36-45,Single,0,1,0,3
753,1573,46-55,Single,0,1,0,4
754,1574,36-45,Married,0,2,0,5
755,1577,36-45,Married,0,2,0,5
756,1578,46-55,Married,0,3,1,6
757,1579,46-55,Single,0,1,0,4
758,1580,26-35,Married,0,2,0,5
759,1581,26-35,Married,0,3,1,1
